--
-- PostgreSQL database dump
--

\restrict pcGTi16amT1UEsWG8WcsFMrB85ZkFlQz0YevagUL9gLtGSn9B92huFEsb0DxhZx

-- Dumped from database version 18.1
-- Dumped by pg_dump version 18.0

-- Started on 2026-05-04 20:49:47

SET statement_timeout = 0;
SET lock_timeout = 0;
SET idle_in_transaction_session_timeout = 0;
SET transaction_timeout = 0;
SET client_encoding = 'UTF8';
SET standard_conforming_strings = on;
SELECT pg_catalog.set_config('search_path', '', false);
SET check_function_bodies = false;
SET xmloption = content;
SET client_min_messages = warning;
SET row_security = off;

SET default_tablespace = '';

SET default_table_access_method = heap;

--
-- TOC entry 236 (class 1259 OID 17158)
-- Name: devolucion; Type: TABLE; Schema: public; Owner: postgres
--

CREATE TABLE public.devolucion (
    id bigint NOT NULL,
    descripcion text,
    fecha_devolucion date NOT NULL,
    gestor_id bigint NOT NULL,
    prestamo_id bigint NOT NULL
);


ALTER TABLE public.devolucion OWNER TO postgres;

--
-- TOC entry 235 (class 1259 OID 17157)
-- Name: devolucion_id_seq; Type: SEQUENCE; Schema: public; Owner: postgres
--

ALTER TABLE public.devolucion ALTER COLUMN id ADD GENERATED BY DEFAULT AS IDENTITY (
    SEQUENCE NAME public.devolucion_id_seq
    START WITH 1
    INCREMENT BY 1
    NO MINVALUE
    NO MAXVALUE
    CACHE 1
);


--
-- TOC entry 234 (class 1259 OID 16942)
-- Name: donacion; Type: TABLE; Schema: public; Owner: postgres
--

CREATE TABLE public.donacion (
    id bigint NOT NULL,
    fecha date DEFAULT CURRENT_DATE NOT NULL,
    observaciones text,
    usuario_id bigint,
    ejemplar_id bigint
);


ALTER TABLE public.donacion OWNER TO postgres;

--
-- TOC entry 233 (class 1259 OID 16941)
-- Name: donacion_id_seq; Type: SEQUENCE; Schema: public; Owner: postgres
--

CREATE SEQUENCE public.donacion_id_seq
    AS integer
    START WITH 1
    INCREMENT BY 1
    NO MINVALUE
    NO MAXVALUE
    CACHE 1;


ALTER SEQUENCE public.donacion_id_seq OWNER TO postgres;

--
-- TOC entry 5116 (class 0 OID 0)
-- Dependencies: 233
-- Name: donacion_id_seq; Type: SEQUENCE OWNED BY; Schema: public; Owner: postgres
--

ALTER SEQUENCE public.donacion_id_seq OWNED BY public.donacion.id;


--
-- TOC entry 230 (class 1259 OID 16897)
-- Name: ejemplar; Type: TABLE; Schema: public; Owner: postgres
--

CREATE TABLE public.ejemplar (
    id bigint NOT NULL,
    libro_id bigint,
    fec_ingreso date DEFAULT CURRENT_DATE NOT NULL,
    detalle character varying(100),
    estado_id bigint
);


ALTER TABLE public.ejemplar OWNER TO postgres;

--
-- TOC entry 229 (class 1259 OID 16896)
-- Name: ejemplar_id_seq; Type: SEQUENCE; Schema: public; Owner: postgres
--

CREATE SEQUENCE public.ejemplar_id_seq
    AS integer
    START WITH 1
    INCREMENT BY 1
    NO MINVALUE
    NO MAXVALUE
    CACHE 1;


ALTER SEQUENCE public.ejemplar_id_seq OWNER TO postgres;

--
-- TOC entry 5117 (class 0 OID 0)
-- Dependencies: 229
-- Name: ejemplar_id_seq; Type: SEQUENCE OWNED BY; Schema: public; Owner: postgres
--

ALTER SEQUENCE public.ejemplar_id_seq OWNED BY public.ejemplar.id;


--
-- TOC entry 222 (class 1259 OID 16843)
-- Name: estado_libro; Type: TABLE; Schema: public; Owner: postgres
--

CREATE TABLE public.estado_libro (
    id bigint NOT NULL,
    descripcion_estado_libro character varying(20) NOT NULL
);


ALTER TABLE public.estado_libro OWNER TO postgres;

--
-- TOC entry 221 (class 1259 OID 16842)
-- Name: estado_libro_id_seq; Type: SEQUENCE; Schema: public; Owner: postgres
--

CREATE SEQUENCE public.estado_libro_id_seq
    AS integer
    START WITH 1
    INCREMENT BY 1
    NO MINVALUE
    NO MAXVALUE
    CACHE 1;


ALTER SEQUENCE public.estado_libro_id_seq OWNER TO postgres;

--
-- TOC entry 5118 (class 0 OID 0)
-- Dependencies: 221
-- Name: estado_libro_id_seq; Type: SEQUENCE OWNED BY; Schema: public; Owner: postgres
--

ALTER SEQUENCE public.estado_libro_id_seq OWNED BY public.estado_libro.id;


--
-- TOC entry 224 (class 1259 OID 16854)
-- Name: estado_prestamo; Type: TABLE; Schema: public; Owner: postgres
--

CREATE TABLE public.estado_prestamo (
    id bigint NOT NULL,
    descripcion_estado_prestamo character varying(20) NOT NULL
);


ALTER TABLE public.estado_prestamo OWNER TO postgres;

--
-- TOC entry 223 (class 1259 OID 16853)
-- Name: estado_prestamo_id_seq; Type: SEQUENCE; Schema: public; Owner: postgres
--

CREATE SEQUENCE public.estado_prestamo_id_seq
    AS integer
    START WITH 1
    INCREMENT BY 1
    NO MINVALUE
    NO MAXVALUE
    CACHE 1;


ALTER SEQUENCE public.estado_prestamo_id_seq OWNER TO postgres;

--
-- TOC entry 5119 (class 0 OID 0)
-- Dependencies: 223
-- Name: estado_prestamo_id_seq; Type: SEQUENCE OWNED BY; Schema: public; Owner: postgres
--

ALTER SEQUENCE public.estado_prestamo_id_seq OWNED BY public.estado_prestamo.id;


--
-- TOC entry 228 (class 1259 OID 16885)
-- Name: libro; Type: TABLE; Schema: public; Owner: postgres
--

CREATE TABLE public.libro (
    id bigint NOT NULL,
    isbn character varying(20),
    titulo character varying(255) NOT NULL,
    autor character varying(100) NOT NULL,
    genero character varying(50)
);


ALTER TABLE public.libro OWNER TO postgres;

--
-- TOC entry 227 (class 1259 OID 16884)
-- Name: libro_id_seq; Type: SEQUENCE; Schema: public; Owner: postgres
--

CREATE SEQUENCE public.libro_id_seq
    AS integer
    START WITH 1
    INCREMENT BY 1
    NO MINVALUE
    NO MAXVALUE
    CACHE 1;


ALTER SEQUENCE public.libro_id_seq OWNER TO postgres;

--
-- TOC entry 5120 (class 0 OID 0)
-- Dependencies: 227
-- Name: libro_id_seq; Type: SEQUENCE OWNED BY; Schema: public; Owner: postgres
--

ALTER SEQUENCE public.libro_id_seq OWNED BY public.libro.id;


--
-- TOC entry 232 (class 1259 OID 16917)
-- Name: prestamo; Type: TABLE; Schema: public; Owner: postgres
--

CREATE TABLE public.prestamo (
    id bigint NOT NULL,
    fecha_inicio date DEFAULT CURRENT_DATE NOT NULL,
    fecha_devolucion date,
    estado_id bigint,
    usuario_id bigint,
    ejemplar_id bigint
);


ALTER TABLE public.prestamo OWNER TO postgres;

--
-- TOC entry 231 (class 1259 OID 16916)
-- Name: prestamo_id_seq; Type: SEQUENCE; Schema: public; Owner: postgres
--

CREATE SEQUENCE public.prestamo_id_seq
    AS integer
    START WITH 1
    INCREMENT BY 1
    NO MINVALUE
    NO MAXVALUE
    CACHE 1;


ALTER SEQUENCE public.prestamo_id_seq OWNER TO postgres;

--
-- TOC entry 5121 (class 0 OID 0)
-- Dependencies: 231
-- Name: prestamo_id_seq; Type: SEQUENCE OWNED BY; Schema: public; Owner: postgres
--

ALTER SEQUENCE public.prestamo_id_seq OWNED BY public.prestamo.id;


--
-- TOC entry 220 (class 1259 OID 16832)
-- Name: rol; Type: TABLE; Schema: public; Owner: postgres
--

CREATE TABLE public.rol (
    id bigint NOT NULL,
    titulo character varying(20) NOT NULL
);


ALTER TABLE public.rol OWNER TO postgres;

--
-- TOC entry 219 (class 1259 OID 16831)
-- Name: rol_id_seq; Type: SEQUENCE; Schema: public; Owner: postgres
--

CREATE SEQUENCE public.rol_id_seq
    AS integer
    START WITH 1
    INCREMENT BY 1
    NO MINVALUE
    NO MAXVALUE
    CACHE 1;


ALTER SEQUENCE public.rol_id_seq OWNER TO postgres;

--
-- TOC entry 5122 (class 0 OID 0)
-- Dependencies: 219
-- Name: rol_id_seq; Type: SEQUENCE OWNED BY; Schema: public; Owner: postgres
--

ALTER SEQUENCE public.rol_id_seq OWNED BY public.rol.id;


--
-- TOC entry 226 (class 1259 OID 16865)
-- Name: usuario; Type: TABLE; Schema: public; Owner: postgres
--

CREATE TABLE public.usuario (
    id bigint NOT NULL,
    nombre character varying(100) NOT NULL,
    email character varying(100) NOT NULL,
    password character varying(255),
    telefono character varying(20),
    direccion character varying(255),
    rol_id bigint,
    activo boolean DEFAULT true
);


ALTER TABLE public.usuario OWNER TO postgres;

--
-- TOC entry 225 (class 1259 OID 16864)
-- Name: usuario_id_seq; Type: SEQUENCE; Schema: public; Owner: postgres
--

CREATE SEQUENCE public.usuario_id_seq
    AS integer
    START WITH 1
    INCREMENT BY 1
    NO MINVALUE
    NO MAXVALUE
    CACHE 1;


ALTER SEQUENCE public.usuario_id_seq OWNER TO postgres;

--
-- TOC entry 5123 (class 0 OID 0)
-- Dependencies: 225
-- Name: usuario_id_seq; Type: SEQUENCE OWNED BY; Schema: public; Owner: postgres
--

ALTER SEQUENCE public.usuario_id_seq OWNED BY public.usuario.id;


--
-- TOC entry 4906 (class 2604 OID 16964)
-- Name: donacion id; Type: DEFAULT; Schema: public; Owner: postgres
--

ALTER TABLE ONLY public.donacion ALTER COLUMN id SET DEFAULT nextval('public.donacion_id_seq'::regclass);


--
-- TOC entry 4902 (class 2604 OID 16996)
-- Name: ejemplar id; Type: DEFAULT; Schema: public; Owner: postgres
--

ALTER TABLE ONLY public.ejemplar ALTER COLUMN id SET DEFAULT nextval('public.ejemplar_id_seq'::regclass);


--
-- TOC entry 4897 (class 2604 OID 17032)
-- Name: estado_libro id; Type: DEFAULT; Schema: public; Owner: postgres
--

ALTER TABLE ONLY public.estado_libro ALTER COLUMN id SET DEFAULT nextval('public.estado_libro_id_seq'::regclass);


--
-- TOC entry 4898 (class 2604 OID 17046)
-- Name: estado_prestamo id; Type: DEFAULT; Schema: public; Owner: postgres
--

ALTER TABLE ONLY public.estado_prestamo ALTER COLUMN id SET DEFAULT nextval('public.estado_prestamo_id_seq'::regclass);


--
-- TOC entry 4901 (class 2604 OID 17060)
-- Name: libro id; Type: DEFAULT; Schema: public; Owner: postgres
--

ALTER TABLE ONLY public.libro ALTER COLUMN id SET DEFAULT nextval('public.libro_id_seq'::regclass);


--
-- TOC entry 4904 (class 2604 OID 17074)
-- Name: prestamo id; Type: DEFAULT; Schema: public; Owner: postgres
--

ALTER TABLE ONLY public.prestamo ALTER COLUMN id SET DEFAULT nextval('public.prestamo_id_seq'::regclass);


--
-- TOC entry 4896 (class 2604 OID 17109)
-- Name: rol id; Type: DEFAULT; Schema: public; Owner: postgres
--

ALTER TABLE ONLY public.rol ALTER COLUMN id SET DEFAULT nextval('public.rol_id_seq'::regclass);


--
-- TOC entry 4899 (class 2604 OID 17123)
-- Name: usuario id; Type: DEFAULT; Schema: public; Owner: postgres
--

ALTER TABLE ONLY public.usuario ALTER COLUMN id SET DEFAULT nextval('public.usuario_id_seq'::regclass);


--
-- TOC entry 5110 (class 0 OID 17158)
-- Dependencies: 236
-- Data for Name: devolucion; Type: TABLE DATA; Schema: public; Owner: postgres
--

COPY public.devolucion (id, descripcion, fecha_devolucion, gestor_id, prestamo_id) FROM stdin;
1	devolucion conforme	2026-04-06	1	7
2	devolucion conforme	2026-04-06	1	1
3	devolucion conforme	2026-04-06	1	6
4	devolucion conforme	2026-04-06	1	10
\.


--
-- TOC entry 5108 (class 0 OID 16942)
-- Dependencies: 234
-- Data for Name: donacion; Type: TABLE DATA; Schema: public; Owner: postgres
--

COPY public.donacion (id, fecha, observaciones, usuario_id, ejemplar_id) FROM stdin;
1	2023-01-10	Donado por usuario	41	1
2	2023-02-24	Donado por usuario	30	2
3	2023-03-01	Donado por usuario	15	3
4	2023-04-26	Donado por usuario	39	4
5	2023-05-12	Donado por usuario	50	5
6	2023-06-13	Donado por usuario	37	6
7	2023-07-25	Donado por usuario	20	7
8	2023-08-03	Donado por usuario	38	8
9	2023-09-07	Donado por usuario	42	9
10	2023-10-02	Donado por usuario	13	10
11	2023-11-08	Donado por usuario	36	11
12	2023-12-17	Donado por usuario	42	12
13	2023-01-20	Donado por usuario	8	13
14	2023-02-24	Donado por usuario	49	14
15	2023-03-24	Donado por usuario	42	15
16	2023-04-06	Donado por usuario	13	16
17	2023-05-09	Donado por usuario	8	17
18	2023-06-10	Donado por usuario	43	18
19	2023-07-01	Donado por usuario	36	19
20	2023-08-25	Donado por usuario	7	20
21	2023-09-03	Donado por usuario	23	21
22	2023-10-20	Donado por usuario	11	22
23	2023-11-28	Donado por usuario	4	23
24	2023-12-17	Donado por usuario	16	24
25	2023-01-18	Donado por usuario	44	25
26	2023-02-13	Donado por usuario	38	26
27	2023-03-22	Donado por usuario	8	27
28	2023-04-04	Donado por usuario	23	28
29	2023-05-24	Donado por usuario	42	29
30	2023-06-24	Donado por usuario	51	30
31	2023-07-14	Donado por usuario	39	31
32	2023-08-14	Donado por usuario	40	32
33	2023-09-14	Donado por usuario	8	33
34	2023-10-17	Donado por usuario	10	34
35	2023-11-11	Donado por usuario	4	35
36	2023-12-24	Donado por usuario	37	36
37	2023-01-12	Donado por usuario	45	37
38	2023-02-21	Donado por usuario	52	38
39	2023-03-14	Donado por usuario	24	39
40	2023-04-07	Donado por usuario	9	40
41	2023-05-05	Donado por usuario	35	41
42	2023-06-20	Donado por usuario	46	42
43	2023-07-15	Donado por usuario	16	43
44	2023-08-14	Donado por usuario	9	44
45	2023-09-04	Donado por usuario	39	45
46	2023-10-12	Donado por usuario	32	46
47	2023-11-04	Donado por usuario	50	47
48	2023-12-09	Donado por usuario	8	48
49	2023-01-11	Donado por usuario	34	49
50	2023-02-04	Donado por usuario	21	50
51	2026-03-21	Agregado por Super Admin	2	101
52	2026-03-21	Agregado por Super Admin	2	102
53	2026-03-21	Agregado por Super Admin	2	103
54	2026-03-21	Agregado por Super Admin	2	104
58	2026-04-01	danacion realizado por Juan Morales	9	105
59	2026-04-02	donado por juan melendez	53	106
60	2026-04-03	donado por juan melendez	53	107
\.


--
-- TOC entry 5104 (class 0 OID 16897)
-- Dependencies: 230
-- Data for Name: ejemplar; Type: TABLE DATA; Schema: public; Owner: postgres
--

COPY public.ejemplar (id, libro_id, fec_ingreso, detalle, estado_id) FROM stdin;
1	1	2023-01-01	Nuevo	1
2	2	2023-01-01	Usado - Marcas menores	1
3	3	2023-01-01	Usado - Marcas menores	1
4	4	2023-01-01	Usado - Buen estado	1
5	5	2023-01-01	Usado - Buen estado	1
6	6	2023-01-01	Usado - Buen estado	1
7	7	2023-01-01	Usado - Buen estado	1
8	8	2023-01-01	Usado - Marcas menores	1
9	9	2023-01-01	Usado - Buen estado	1
10	10	2023-01-01	Nuevo	1
11	11	2023-01-01	Usado - Buen estado	1
12	12	2023-01-01	Usado - Buen estado	1
13	13	2023-01-01	Nuevo	1
14	14	2023-01-01	Usado - Buen estado	1
15	15	2023-01-01	Usado - Buen estado	1
16	16	2023-01-01	Usado - Marcas menores	1
17	17	2023-01-01	Usado - Marcas menores	1
18	18	2023-01-01	Nuevo	1
19	19	2023-01-01	Usado - Buen estado	1
20	20	2023-01-01	Nuevo	1
21	21	2023-01-01	Usado - Marcas menores	1
22	22	2023-01-01	Nuevo	1
23	23	2023-01-01	Usado - Buen estado	1
24	24	2023-01-01	Usado - Buen estado	1
25	25	2023-01-01	Usado - Buen estado	1
26	26	2023-01-01	Usado - Marcas menores	1
27	27	2023-01-01	Nuevo	1
28	28	2023-01-01	Nuevo	1
29	29	2023-01-01	Usado - Buen estado	1
30	30	2023-01-01	Nuevo	1
31	31	2023-01-01	Usado - Marcas menores	1
32	32	2023-01-01	Usado - Buen estado	1
33	33	2023-01-01	Usado - Buen estado	1
34	34	2023-01-01	Usado - Buen estado	1
35	35	2023-01-01	Nuevo	1
36	36	2023-01-01	Nuevo	1
37	37	2023-01-01	Nuevo	1
38	38	2023-01-01	Usado - Buen estado	1
39	39	2023-01-01	Usado - Buen estado	1
40	40	2023-01-01	Usado - Marcas menores	1
41	41	2023-01-01	Usado - Buen estado	1
42	42	2023-01-01	Usado - Marcas menores	1
43	43	2023-01-01	Nuevo	1
44	44	2023-01-01	Usado - Marcas menores	1
45	45	2023-01-01	Usado - Marcas menores	1
46	46	2023-01-01	Nuevo	1
47	47	2023-01-01	Usado - Buen estado	1
48	48	2023-01-01	Nuevo	1
49	49	2023-01-01	Nuevo	1
50	50	2023-01-01	Nuevo	1
59	59	2023-01-01	Nuevo	1
61	61	2023-01-01	Usado - Buen estado	1
62	62	2023-01-01	Usado - Marcas menores	1
63	63	2023-01-01	Usado - Marcas menores	1
64	64	2023-01-01	Nuevo	1
65	65	2023-01-01	Usado - Marcas menores	1
66	66	2023-01-01	Usado - Buen estado	1
67	67	2023-01-01	Nuevo	1
68	68	2023-01-01	Usado - Marcas menores	1
69	69	2023-01-01	Nuevo	1
70	70	2023-01-01	Usado - Marcas menores	1
71	71	2023-01-01	Usado - Buen estado	1
72	72	2023-01-01	Usado - Buen estado	1
73	73	2023-01-01	Usado - Marcas menores	1
74	74	2023-01-01	Usado - Marcas menores	1
75	75	2023-01-01	Usado - Buen estado	1
76	76	2023-01-01	Usado - Buen estado	1
77	77	2023-01-01	Usado - Buen estado	1
78	78	2023-01-01	Usado - Buen estado	1
79	79	2023-01-01	Usado - Buen estado	1
80	80	2023-01-01	Usado - Buen estado	1
81	81	2023-01-01	Usado - Marcas menores	1
82	82	2023-01-01	Usado - Buen estado	1
83	83	2023-01-01	Nuevo	1
84	84	2023-01-01	Usado - Marcas menores	1
85	85	2023-01-01	Nuevo	1
86	86	2023-01-01	Usado - Marcas menores	1
87	87	2023-01-01	Usado - Marcas menores	1
88	88	2023-01-01	Usado - Marcas menores	1
89	89	2023-01-01	Usado - Marcas menores	1
90	90	2023-01-01	Usado - Marcas menores	1
91	91	2023-01-01	Usado - Buen estado	1
92	92	2023-01-01	Usado - Buen estado	1
93	93	2023-01-01	Usado - Buen estado	1
94	94	2023-01-01	Usado - Buen estado	1
95	95	2023-01-01	Nuevo	1
96	96	2023-01-01	Usado - Marcas menores	1
97	97	2023-01-01	Usado - Buen estado	1
98	98	2023-01-01	Usado - Marcas menores	1
99	99	2023-01-01	Usado - Marcas menores	1
100	100	2023-01-01	Usado - Marcas menores	1
52	52	2023-01-01	Usado - Buen estado	2
53	53	2023-01-01	Nuevo	2
54	54	2023-01-01	Nuevo	2
55	55	2023-01-01	Nuevo	2
58	58	2023-01-01	Usado - Buen estado	2
101	4	2026-03-21	Nuevo	1
102	4	2026-03-21	Nuevo	1
103	4	2026-03-21	Usado	1
104	4	2026-03-21	Usado	1
105	103	2026-04-01	Nuevo	1
106	101	2026-04-02	Nuevo	1
107	101	2026-04-03	Usado	1
57	57	2023-01-01	Nuevo	1
51	51	2023-01-01	Nuevo	1
56	56	2023-01-01	Nuevo	1
60	60	2023-01-01	Nuevo	1
\.


--
-- TOC entry 5096 (class 0 OID 16843)
-- Dependencies: 222
-- Data for Name: estado_libro; Type: TABLE DATA; Schema: public; Owner: postgres
--

COPY public.estado_libro (id, descripcion_estado_libro) FROM stdin;
1	Disponible
2	Prestado
3	Extraviado
4	Baja / Dañado
\.


--
-- TOC entry 5098 (class 0 OID 16854)
-- Dependencies: 224
-- Data for Name: estado_prestamo; Type: TABLE DATA; Schema: public; Owner: postgres
--

COPY public.estado_prestamo (id, descripcion_estado_prestamo) FROM stdin;
1	Activo
2	Devuelto
\.


--
-- TOC entry 5102 (class 0 OID 16885)
-- Dependencies: 228
-- Data for Name: libro; Type: TABLE DATA; Schema: public; Owner: postgres
--

COPY public.libro (id, isbn, titulo, autor, genero) FROM stdin;
1	978-0-734-68258-4	100 años de soledad	Gabriel García Márquez	Realismo Mágico
2	978-0-710-17643-1	Don Quijote de la Mancha	Miguel de Cervantes	Clásico
3	978-0-987-74559-2	1984	George Orwell	Distopía
4	978-0-337-89248-1	El Principito	Antoine de Saint-Exupéry	Infantil
5	978-0-475-20884-5	El Hobbit	J.R.R. Tolkien	Fantasía
6	978-0-442-92207-8	Orgullo y Prejuicio	Jane Austen	Romance
7	978-0-943-15798-9	El Señor de los Anillos	J.R.R. Tolkien	Fantasía
8	978-0-979-99506-6	Cumbres Borrascosas	Emily Brontë	Clásico
9	978-0-695-97972-7	Crimen y Castigo	Fiódor Dostoyevski	Ficción Psicológica
10	978-0-775-84570-1	La Odisea	Homero	Épico
11	978-0-689-83344-6	Moby Dick	Herman Melville	Aventura
12	978-0-644-17031-6	Matar a un Ruiseñor	Harper Lee	Ficción Histórica
13	978-0-271-70836-1	El Gran Gatsby	F. Scott Fitzgerald	Clásico
14	978-0-113-80586-7	Guerra y Paz	León Tolstói	Histórico
15	978-0-716-48794-3	Ulises	James Joyce	Modernista
16	978-0-933-91877-9	Hamlet	William Shakespeare	Tragedia
17	978-0-105-63785-5	Fahrenheit 451	Ray Bradbury	Ciencia Ficción
18	978-0-556-57100-5	Un Mundo Feliz	Aldous Huxley	Distopía
19	978-0-161-74049-4	La Divina Comedia	Dante Alighieri	Épico
20	978-0-728-87882-6	Los Miserables	Victor Hugo	Histórico
21	978-0-787-33507-0	Madame Bovary	Gustave Flaubert	Realismo
22	978-0-245-27411-9	En Busca del Tiempo Perdido	Marcel Proust	Modernista
23	978-0-454-17179-9	La Metamorfosis	Franz Kafka	Absurdo
24	978-0-410-36346-3	El Conde de Montecristo	Alexandre Dumas	Aventura
25	978-0-519-80954-0	Frankenstein	Mary Shelley	Gótico
26	978-0-835-23354-9	Drácula	Bram Stoker	Terror
27	978-0-813-68999-8	Jane Eyre	Charlotte Brontë	Romance
28	978-0-347-37950-4	Siddhartha	Hermann Hesse	Filosófico
29	978-0-844-59301-4	El Extranjero	Albert Camus	Filosófico
30	978-0-620-35010-9	Ensayo sobre la Ceguera	José Saramago	Novela
31	978-0-572-66896-4	La Casa de los Espíritus	Isabel Allende	Realismo Mágico
32	978-0-404-44890-2	Ficciones	Jorge Luis Borges	Cuento
33	978-0-513-61657-0	Rayuela	Julio Cortázar	Novela
34	978-0-933-37678-5	Pedro Páramo	Juan Rulfo	Realismo Mágico
35	978-0-715-79394-1	El Aleph	Jorge Luis Borges	Cuento
36	978-0-345-82066-4	Crónica de una Muerte Anunciada	Gabriel García Márquez	Novela
37	978-0-993-35289-1	La Sombra del Viento	Carlos Ruiz Zafón	Misterio
38	978-0-707-55402-6	Los Detectives Salvajes	Roberto Bolaño	Novela
39	978-0-651-56990-7	La Ciudad y los Perros	Mario Vargas Llosa	Novela
40	978-0-448-75454-1	2666	Roberto Bolaño	Novela
41	978-0-143-44680-4	El Túnel	Ernesto Sabato	Filosófico
42	978-0-889-36847-3	Nada	Carmen Laforet	Novela
43	978-0-578-40366-9	Niebla	Miguel de Unamuno	Novela
44	978-0-260-11439-6	Las Crónicas de Narnia	C.S. Lewis	Fantasía
45	978-0-586-63985-9	Harry Potter y la Piedra Filosofal	J.K. Rowling	Fantasía
46	978-0-459-85494-1	Los Juegos del Hambre	Suzanne Collins	Ciencia Ficción
47	978-0-382-60843-3	Dune	Frank Herbert	Ciencia Ficción
48	978-0-490-38570-1	Fundación	Isaac Asimov	Ciencia Ficción
49	978-0-453-19377-7	Cien Años de Perdón	Jorge Fernández	Thriller
50	978-0-855-96013-3	El Nombre de la Rosa	Umberto Eco	Misterio Histórico
51	978-0-114-21874-0	Libro Genérico Vol 50	Autor Desconocido	Variado
52	978-0-738-30438-9	Libro Genérico Vol 51	Autor Desconocido	Variado
53	978-0-788-95045-2	Libro Genérico Vol 52	Autor Desconocido	Variado
54	978-0-881-51966-3	Libro Genérico Vol 53	Autor Desconocido	Variado
55	978-0-778-80909-8	Libro Genérico Vol 54	Autor Desconocido	Variado
56	978-0-402-13926-8	Libro Genérico Vol 55	Autor Desconocido	Variado
57	978-0-554-78693-8	Libro Genérico Vol 56	Autor Desconocido	Variado
58	978-0-177-93500-1	Libro Genérico Vol 57	Autor Desconocido	Variado
59	978-0-397-33361-9	Libro Genérico Vol 58	Autor Desconocido	Variado
60	978-0-963-62682-6	Libro Genérico Vol 59	Autor Desconocido	Variado
61	978-0-928-58226-8	Libro Genérico Vol 60	Autor Desconocido	Variado
62	978-0-925-46284-0	Libro Genérico Vol 61	Autor Desconocido	Variado
63	978-0-735-24684-3	Libro Genérico Vol 62	Autor Desconocido	Variado
64	978-0-168-84956-6	Libro Genérico Vol 63	Autor Desconocido	Variado
65	978-0-678-12225-0	Libro Genérico Vol 64	Autor Desconocido	Variado
66	978-0-996-12581-4	Libro Genérico Vol 65	Autor Desconocido	Variado
67	978-0-260-35536-4	Libro Genérico Vol 66	Autor Desconocido	Variado
68	978-0-810-24994-3	Libro Genérico Vol 67	Autor Desconocido	Variado
69	978-0-550-15362-8	Libro Genérico Vol 68	Autor Desconocido	Variado
70	978-0-792-48532-1	Libro Genérico Vol 69	Autor Desconocido	Variado
71	978-0-654-85158-3	Libro Genérico Vol 70	Autor Desconocido	Variado
72	978-0-961-88996-9	Libro Genérico Vol 71	Autor Desconocido	Variado
73	978-0-205-64046-4	Libro Genérico Vol 72	Autor Desconocido	Variado
74	978-0-316-13684-9	Libro Genérico Vol 73	Autor Desconocido	Variado
75	978-0-933-43016-1	Libro Genérico Vol 74	Autor Desconocido	Variado
76	978-0-576-46517-3	Libro Genérico Vol 75	Autor Desconocido	Variado
77	978-0-894-58081-1	Libro Genérico Vol 76	Autor Desconocido	Variado
78	978-0-349-24653-0	Libro Genérico Vol 77	Autor Desconocido	Variado
79	978-0-283-59144-4	Libro Genérico Vol 78	Autor Desconocido	Variado
80	978-0-548-90150-0	Libro Genérico Vol 79	Autor Desconocido	Variado
81	978-0-406-98363-6	Libro Genérico Vol 80	Autor Desconocido	Variado
82	978-0-973-14370-1	Libro Genérico Vol 81	Autor Desconocido	Variado
83	978-0-802-47838-2	Libro Genérico Vol 82	Autor Desconocido	Variado
84	978-0-849-69030-5	Libro Genérico Vol 83	Autor Desconocido	Variado
85	978-0-776-66385-2	Libro Genérico Vol 84	Autor Desconocido	Variado
86	978-0-562-40708-0	Libro Genérico Vol 85	Autor Desconocido	Variado
87	978-0-194-33732-1	Libro Genérico Vol 86	Autor Desconocido	Variado
88	978-0-481-29929-9	Libro Genérico Vol 87	Autor Desconocido	Variado
89	978-0-112-34951-3	Libro Genérico Vol 88	Autor Desconocido	Variado
90	978-0-244-62835-7	Libro Genérico Vol 89	Autor Desconocido	Variado
91	978-0-973-84021-7	Libro Genérico Vol 90	Autor Desconocido	Variado
92	978-0-343-56415-1	Libro Genérico Vol 91	Autor Desconocido	Variado
93	978-0-358-40957-5	Libro Genérico Vol 92	Autor Desconocido	Variado
94	978-0-769-79165-7	Libro Genérico Vol 93	Autor Desconocido	Variado
95	978-0-997-32703-9	Libro Genérico Vol 94	Autor Desconocido	Variado
96	978-0-168-95517-0	Libro Genérico Vol 95	Autor Desconocido	Variado
97	978-0-249-64113-3	Libro Genérico Vol 96	Autor Desconocido	Variado
98	978-0-203-53976-6	Libro Genérico Vol 97	Autor Desconocido	Variado
99	978-0-603-46523-3	Libro Genérico Vol 98	Autor Desconocido	Variado
100	978-0-744-11716-6	Libro Genérico Vol 99	Autor Desconocido	Variado
101	123456987789	Programacion de Objetos con Php 8	Autor Desconocido	Modernista
102	123456987781	Programacion de Objetos con Php 8 V2	Juan MP	tecnologia
103	987-956-321-321	Programacion POO de Java 2026	Juan Rulfo	tecnologia
\.


--
-- TOC entry 5106 (class 0 OID 16917)
-- Dependencies: 232
-- Data for Name: prestamo; Type: TABLE DATA; Schema: public; Owner: postgres
--

COPY public.prestamo (id, fecha_inicio, fecha_devolucion, estado_id, usuario_id, ejemplar_id) FROM stdin;
2	2024-02-08	\N	1	31	52
3	2024-03-24	\N	1	40	53
4	2024-01-20	\N	1	48	54
5	2024-02-08	\N	1	39	55
8	2024-03-26	\N	1	3	58
9	2024-03-19	2024-03-28	2	20	59
11	2026-03-23	2026-03-31	1	2	18
13	2026-04-01	2026-04-22	1	53	100
14	2026-04-03	2026-04-30	1	53	105
7	2024-03-18	2026-04-06	2	52	57
1	2024-01-22	2026-04-06	2	49	51
6	2024-02-03	2026-04-06	2	35	56
10	2024-01-20	2026-04-06	2	6	60
15	2026-05-04	2026-05-11	1	54	2
\.


--
-- TOC entry 5094 (class 0 OID 16832)
-- Dependencies: 220
-- Data for Name: rol; Type: TABLE DATA; Schema: public; Owner: postgres
--

COPY public.rol (id, titulo) FROM stdin;
1	Lector
3	Admin
4	SuperAdmin
2	Gestor
\.


--
-- TOC entry 5100 (class 0 OID 16865)
-- Dependencies: 226
-- Data for Name: usuario; Type: TABLE DATA; Schema: public; Owner: postgres
--

COPY public.usuario (id, nombre, email, password, telefono, direccion, rol_id, activo) FROM stdin;
4	Diego Lozano	diego.lozano1@ejemplo.com	pwd123	698708707	Calle Pérez 2	1	t
5	Alberto Díaz	alberto.díaz2@ejemplo.com	pwd123	697747657	Calle Pérez 87	1	t
6	Raúl Romero	raúl.romero3@ejemplo.com	pwd123	687418798	Calle Gutiérrez 71	1	t
7	Roberto Gil	roberto.gil4@ejemplo.com	pwd123	618317879	Calle Martín 11	1	t
8	Jorge Vázquez	jorge.vázquez5@ejemplo.com	pwd123	678012518	Calle Gómez 40	1	t
10	Víctor Gómez	víctor.gómez7@ejemplo.com	pwd123	665537534	Calle Núñez 36	1	t
11	Víctor Delgado	víctor.delgado8@ejemplo.com	pwd123	621370174	Calle Garrido 15	1	t
12	Víctor Cortes	víctor.cortes9@ejemplo.com	pwd123	655331141	Calle Prieto 51	1	t
13	Javier Moreno	javier.moreno10@ejemplo.com	pwd123	650520673	Calle Domínguez 96	1	t
14	Silvia López	silvia.lópez11@ejemplo.com	pwd123	697351746	Calle Cortes 65	1	t
15	Diego Ortega	diego.ortega12@ejemplo.com	pwd123	659186208	Calle Ortiz 50	1	t
16	Sara Hernández	sara.hernández13@ejemplo.com	pwd123	656367756	Calle Gil 51	1	t
17	Carmen Cano	carmen.cano14@ejemplo.com	pwd123	620403539	Calle Molina 28	1	t
18	María Medina	maría.medina15@ejemplo.com	pwd123	686383308	Calle Jiménez 26	1	t
19	Cristina Molina	cristina.molina16@ejemplo.com	pwd123	673323968	Calle Alonso 34	1	t
20	Rubén Fernández	rubén.fernández17@ejemplo.com	pwd123	634888553	Calle Serrano 70	1	t
21	Teresa Romero	teresa.romero18@ejemplo.com	pwd123	689484037	Calle Pérez 49	1	t
22	Marta Sánchez	marta.sánchez19@ejemplo.com	pwd123	625664435	Calle Cortes 7	1	t
23	Diego Ramos	diego.ramos20@ejemplo.com	pwd123	610807948	Calle Romero 48	1	t
24	Rosa Vázquez	rosa.vázquez21@ejemplo.com	pwd123	698777338	Calle Ruiz 60	1	t
25	Rocío Serrano	rocío.serrano22@ejemplo.com	pwd123	681919708	Calle Molina 18	1	t
26	Cristina García	cristina.garcía23@ejemplo.com	pwd123	638456632	Calle Prieto 20	1	t
27	Paula Núñez	paula.núñez24@ejemplo.com	pwd123	695713626	Calle Santos 64	1	t
28	Alba Pérez	alba.pérez25@ejemplo.com	pwd123	694132910	Calle Marín 90	1	t
29	Paula Ramos	paula.ramos26@ejemplo.com	pwd123	621638056	Calle Iglesias 61	1	t
30	Sara Medina	sara.medina27@ejemplo.com	pwd123	689873000	Calle García 20	1	t
31	Lucía Martínez	lucía.martínez28@ejemplo.com	pwd123	680675380	Calle González 41	1	t
32	Alba Gil	alba.gil29@ejemplo.com	pwd123	692546256	Calle Álvarez 63	1	t
33	Alejandro Romero	alejandro.romero30@ejemplo.com	pwd123	687921918	Calle Marín 3	1	t
34	Elena Vázquez	elena.vázquez31@ejemplo.com	pwd123	683553356	Calle Núñez 72	1	t
35	Miguel Vázquez	miguel.vázquez32@ejemplo.com	pwd123	632168560	Calle González 18	1	t
36	Alba Marín	alba.marín33@ejemplo.com	pwd123	617976196	Calle Navarro 83	1	t
37	Luis Sanz	luis.sanz34@ejemplo.com	pwd123	676219030	Calle Guerrero 50	1	t
38	Daniel Guerrero	daniel.guerrero35@ejemplo.com	pwd123	610706196	Calle Navarro 71	1	t
39	Beatriz Lozano	beatriz.lozano36@ejemplo.com	pwd123	675894193	Calle Martín 24	1	t
40	Víctor Hernández	víctor.hernández37@ejemplo.com	pwd123	637150179	Calle Vázquez 31	1	t
41	Patricia Núñez	patricia.núñez38@ejemplo.com	pwd123	646700157	Calle Delgado 74	1	t
42	Pablo Martínez	pablo.martínez39@ejemplo.com	pwd123	678733426	Calle Serrano 28	1	t
43	Nuria Iglesias	nuria.iglesias40@ejemplo.com	pwd123	656838141	Calle Vázquez 92	1	t
44	Teresa Morales	teresa.morales41@ejemplo.com	pwd123	626128456	Calle Gil 72	1	t
45	Alberto Álvarez	alberto.álvarez42@ejemplo.com	pwd123	619966224	Calle Cano 81	1	t
46	Noelia Díaz	noelia.díaz43@ejemplo.com	pwd123	678777146	Calle Vázquez 17	1	t
47	Silvia González	silvia.gonzález44@ejemplo.com	pwd123	618260227	Calle Alonso 81	1	t
48	Sara Cortes	sara.cortes45@ejemplo.com	pwd123	622262952	Calle Delgado 72	1	t
49	Carlos Medina	carlos.medina46@ejemplo.com	pwd123	651833353	Calle González 61	1	t
50	Rubén Pérez	rubén.pérez47@ejemplo.com	pwd123	639482988	Calle Fernández 55	1	t
51	Raquel Ortiz	raquel.ortiz48@ejemplo.com	pwd123	617841615	Calle Guerrero 99	1	t
52	Beatriz Ortiz	beatriz.ortiz49@ejemplo.com	pwd123	690078407	Calle Jiménez 51	1	t
3	Laura López	laura.lópez0@ejemplo.com	pwd123	681008068	Calle García 88	1	t
9	Juan Morales	juan.morales6@ejemplo.com	pwd123	632694931	Calle Ortega 82	1	t
1	Ana Administradora	admin@librarypro.com	admin789	600000001	Plaza Mayor 1	2	t
53	Juan D. Meléndez Peña	juanmelendez.pe@ssdk.com	jdmp2026	987456321	calle hornos caleros 37, 5A - 1 der	3	t
54	Karina Nieto	karina@ejemplo.com	qwerty	123456789	calle hornos caleros 40	3	t
2	Super Admin	super@lifesystem.com	super	600000002	Central 1	4	t
57	Juan D. Meléndez Peña	juanmelendez.pe@gmail.com	qwerty	987456321	calle hornos caleros 37	1	t
56	john sunday	jsunday@gmail.com	qwerty	987456321	calle hornos caleros 37	2	t
\.


--
-- TOC entry 5124 (class 0 OID 0)
-- Dependencies: 235
-- Name: devolucion_id_seq; Type: SEQUENCE SET; Schema: public; Owner: postgres
--

SELECT pg_catalog.setval('public.devolucion_id_seq', 4, true);


--
-- TOC entry 5125 (class 0 OID 0)
-- Dependencies: 233
-- Name: donacion_id_seq; Type: SEQUENCE SET; Schema: public; Owner: postgres
--

SELECT pg_catalog.setval('public.donacion_id_seq', 60, true);


--
-- TOC entry 5126 (class 0 OID 0)
-- Dependencies: 229
-- Name: ejemplar_id_seq; Type: SEQUENCE SET; Schema: public; Owner: postgres
--

SELECT pg_catalog.setval('public.ejemplar_id_seq', 107, true);


--
-- TOC entry 5127 (class 0 OID 0)
-- Dependencies: 221
-- Name: estado_libro_id_seq; Type: SEQUENCE SET; Schema: public; Owner: postgres
--

SELECT pg_catalog.setval('public.estado_libro_id_seq', 4, true);


--
-- TOC entry 5128 (class 0 OID 0)
-- Dependencies: 223
-- Name: estado_prestamo_id_seq; Type: SEQUENCE SET; Schema: public; Owner: postgres
--

SELECT pg_catalog.setval('public.estado_prestamo_id_seq', 2, true);


--
-- TOC entry 5129 (class 0 OID 0)
-- Dependencies: 227
-- Name: libro_id_seq; Type: SEQUENCE SET; Schema: public; Owner: postgres
--

SELECT pg_catalog.setval('public.libro_id_seq', 103, true);


--
-- TOC entry 5130 (class 0 OID 0)
-- Dependencies: 231
-- Name: prestamo_id_seq; Type: SEQUENCE SET; Schema: public; Owner: postgres
--

SELECT pg_catalog.setval('public.prestamo_id_seq', 15, true);


--
-- TOC entry 5131 (class 0 OID 0)
-- Dependencies: 219
-- Name: rol_id_seq; Type: SEQUENCE SET; Schema: public; Owner: postgres
--

SELECT pg_catalog.setval('public.rol_id_seq', 4, true);


--
-- TOC entry 5132 (class 0 OID 0)
-- Dependencies: 225
-- Name: usuario_id_seq; Type: SEQUENCE SET; Schema: public; Owner: postgres
--

SELECT pg_catalog.setval('public.usuario_id_seq', 57, true);


--
-- TOC entry 4935 (class 2606 OID 17168)
-- Name: devolucion devolucion_pkey; Type: CONSTRAINT; Schema: public; Owner: postgres
--

ALTER TABLE ONLY public.devolucion
    ADD CONSTRAINT devolucion_pkey PRIMARY KEY (id);


--
-- TOC entry 4933 (class 2606 OID 16966)
-- Name: donacion donacion_pkey; Type: CONSTRAINT; Schema: public; Owner: postgres
--

ALTER TABLE ONLY public.donacion
    ADD CONSTRAINT donacion_pkey PRIMARY KEY (id);


--
-- TOC entry 4929 (class 2606 OID 16998)
-- Name: ejemplar ejemplar_pkey; Type: CONSTRAINT; Schema: public; Owner: postgres
--

ALTER TABLE ONLY public.ejemplar
    ADD CONSTRAINT ejemplar_pkey PRIMARY KEY (id);


--
-- TOC entry 4913 (class 2606 OID 16852)
-- Name: estado_libro estado_libro_descripcion_estado_libro_key; Type: CONSTRAINT; Schema: public; Owner: postgres
--

ALTER TABLE ONLY public.estado_libro
    ADD CONSTRAINT estado_libro_descripcion_estado_libro_key UNIQUE (descripcion_estado_libro);


--
-- TOC entry 4915 (class 2606 OID 17034)
-- Name: estado_libro estado_libro_pkey; Type: CONSTRAINT; Schema: public; Owner: postgres
--

ALTER TABLE ONLY public.estado_libro
    ADD CONSTRAINT estado_libro_pkey PRIMARY KEY (id);


--
-- TOC entry 4917 (class 2606 OID 16863)
-- Name: estado_prestamo estado_prestamo_descripcion_estado_prestamo_key; Type: CONSTRAINT; Schema: public; Owner: postgres
--

ALTER TABLE ONLY public.estado_prestamo
    ADD CONSTRAINT estado_prestamo_descripcion_estado_prestamo_key UNIQUE (descripcion_estado_prestamo);


--
-- TOC entry 4919 (class 2606 OID 17048)
-- Name: estado_prestamo estado_prestamo_pkey; Type: CONSTRAINT; Schema: public; Owner: postgres
--

ALTER TABLE ONLY public.estado_prestamo
    ADD CONSTRAINT estado_prestamo_pkey PRIMARY KEY (id);


--
-- TOC entry 4925 (class 2606 OID 16895)
-- Name: libro libro_isbn_key; Type: CONSTRAINT; Schema: public; Owner: postgres
--

ALTER TABLE ONLY public.libro
    ADD CONSTRAINT libro_isbn_key UNIQUE (isbn);


--
-- TOC entry 4927 (class 2606 OID 17062)
-- Name: libro libro_pkey; Type: CONSTRAINT; Schema: public; Owner: postgres
--

ALTER TABLE ONLY public.libro
    ADD CONSTRAINT libro_pkey PRIMARY KEY (id);


--
-- TOC entry 4931 (class 2606 OID 17076)
-- Name: prestamo prestamo_pkey; Type: CONSTRAINT; Schema: public; Owner: postgres
--

ALTER TABLE ONLY public.prestamo
    ADD CONSTRAINT prestamo_pkey PRIMARY KEY (id);


--
-- TOC entry 4909 (class 2606 OID 17111)
-- Name: rol rol_pkey; Type: CONSTRAINT; Schema: public; Owner: postgres
--

ALTER TABLE ONLY public.rol
    ADD CONSTRAINT rol_pkey PRIMARY KEY (id);


--
-- TOC entry 4911 (class 2606 OID 16841)
-- Name: rol rol_titulo_key; Type: CONSTRAINT; Schema: public; Owner: postgres
--

ALTER TABLE ONLY public.rol
    ADD CONSTRAINT rol_titulo_key UNIQUE (titulo);


--
-- TOC entry 4921 (class 2606 OID 16878)
-- Name: usuario usuario_email_key; Type: CONSTRAINT; Schema: public; Owner: postgres
--

ALTER TABLE ONLY public.usuario
    ADD CONSTRAINT usuario_email_key UNIQUE (email);


--
-- TOC entry 4923 (class 2606 OID 17125)
-- Name: usuario usuario_pkey; Type: CONSTRAINT; Schema: public; Owner: postgres
--

ALTER TABLE ONLY public.usuario
    ADD CONSTRAINT usuario_pkey PRIMARY KEY (id);


--
-- TOC entry 4942 (class 2606 OID 17005)
-- Name: donacion donacion_ejemplar_id_fkey; Type: FK CONSTRAINT; Schema: public; Owner: postgres
--

ALTER TABLE ONLY public.donacion
    ADD CONSTRAINT donacion_ejemplar_id_fkey FOREIGN KEY (ejemplar_id) REFERENCES public.ejemplar(id) ON DELETE CASCADE;


--
-- TOC entry 4943 (class 2606 OID 17127)
-- Name: donacion donacion_usuario_id_fkey; Type: FK CONSTRAINT; Schema: public; Owner: postgres
--

ALTER TABLE ONLY public.donacion
    ADD CONSTRAINT donacion_usuario_id_fkey FOREIGN KEY (usuario_id) REFERENCES public.usuario(id) ON DELETE SET NULL;


--
-- TOC entry 4937 (class 2606 OID 17036)
-- Name: ejemplar ejemplar_estado_id_fkey; Type: FK CONSTRAINT; Schema: public; Owner: postgres
--

ALTER TABLE ONLY public.ejemplar
    ADD CONSTRAINT ejemplar_estado_id_fkey FOREIGN KEY (estado_id) REFERENCES public.estado_libro(id);


--
-- TOC entry 4938 (class 2606 OID 17064)
-- Name: ejemplar ejemplar_libro_id_fkey; Type: FK CONSTRAINT; Schema: public; Owner: postgres
--

ALTER TABLE ONLY public.ejemplar
    ADD CONSTRAINT ejemplar_libro_id_fkey FOREIGN KEY (libro_id) REFERENCES public.libro(id) ON DELETE CASCADE;


--
-- TOC entry 4944 (class 2606 OID 17169)
-- Name: devolucion fkaep7elkmdvvil9ygt4oe8drhy; Type: FK CONSTRAINT; Schema: public; Owner: postgres
--

ALTER TABLE ONLY public.devolucion
    ADD CONSTRAINT fkaep7elkmdvvil9ygt4oe8drhy FOREIGN KEY (gestor_id) REFERENCES public.usuario(id);


--
-- TOC entry 4945 (class 2606 OID 17174)
-- Name: devolucion fkfnor4hmb1lcl94m7j1wnig2jx; Type: FK CONSTRAINT; Schema: public; Owner: postgres
--

ALTER TABLE ONLY public.devolucion
    ADD CONSTRAINT fkfnor4hmb1lcl94m7j1wnig2jx FOREIGN KEY (prestamo_id) REFERENCES public.prestamo(id);


--
-- TOC entry 4939 (class 2606 OID 17082)
-- Name: prestamo prestamo_ejemplar_id_fkey; Type: FK CONSTRAINT; Schema: public; Owner: postgres
--

ALTER TABLE ONLY public.prestamo
    ADD CONSTRAINT prestamo_ejemplar_id_fkey FOREIGN KEY (ejemplar_id) REFERENCES public.ejemplar(id) ON DELETE CASCADE;


--
-- TOC entry 4940 (class 2606 OID 17091)
-- Name: prestamo prestamo_estado_id_fkey; Type: FK CONSTRAINT; Schema: public; Owner: postgres
--

ALTER TABLE ONLY public.prestamo
    ADD CONSTRAINT prestamo_estado_id_fkey FOREIGN KEY (estado_id) REFERENCES public.estado_prestamo(id);


--
-- TOC entry 4941 (class 2606 OID 17132)
-- Name: prestamo prestamo_usuario_id_fkey; Type: FK CONSTRAINT; Schema: public; Owner: postgres
--

ALTER TABLE ONLY public.prestamo
    ADD CONSTRAINT prestamo_usuario_id_fkey FOREIGN KEY (usuario_id) REFERENCES public.usuario(id) ON DELETE CASCADE;


--
-- TOC entry 4936 (class 2606 OID 17144)
-- Name: usuario usuario_rol_id_fkey; Type: FK CONSTRAINT; Schema: public; Owner: postgres
--

ALTER TABLE ONLY public.usuario
    ADD CONSTRAINT usuario_rol_id_fkey FOREIGN KEY (rol_id) REFERENCES public.rol(id);


-- Completed on 2026-05-04 20:49:47

--
-- PostgreSQL database dump complete
--

\unrestrict pcGTi16amT1UEsWG8WcsFMrB85ZkFlQz0YevagUL9gLtGSn9B92huFEsb0DxhZx

